id,title
1,くらりのうた
2,While We Walk
3,スクラップアート
4,アイオライト
5,identity
6,アイマイモコ
7,茜色ノスタルジア
8,あの日の空へ
9,アルペジオ
10,いつもずっと
11,Innocent flower
12,今を僕らしく生きてくために
13,Will
14,Winter Wonder Wander
15,We Are The Music
16,Well Wishing Word
17,運命の赤い糸
18,笑顔が似合う日
19,思い出のカケラ
20,風色Letter
21,Kitty Cat Adventure
22,君色プロローグ
23,Catch the Rainbow！
24,クリスタライズ
25,クータスタ
26,glow
27,コイセヨオトメ
28,ココロソマリ
29,心つかまえて
30,ココロはMerry-Go-Round
31,これからも。
32,三月と群青
33,シネマチックダイアリー
34,Shoo-Bee-Doo-Wap-Wap!
35,水彩メモリー
36,Sweet Melody
37,Starlight Museum
38,Starry Wish
39,Step Up！
40,Snow White
41,ソライロ
42,旅の途中
43,TRUST IN ETERNITY
44,Dreaming Girls
45,夏の約束
46,夏夢
47,涙のあとは
48,八月のスーベニア
49,Happy Birthday
50,春空
51,HELLO HORIZON
52,ハートノイロ
53,harmony ribbon
54,パレオトピア
55,ピュアフレーム
56,Future Seeker
57,BLUE COMPASS
58,brave climber
59,星屑のコントレイル
60,僕らだけの鼓動
61,僕らは今
62,My Graffiti
63,Million Futures
64,Melty night
65,MELODY FLAG
66,Morning Prism
67,約束のアステリズム
68,夢のつぼみ
69,Lucky Clover
70,REAL-EYES
71,リトルシューゲイザー
72,Ring of Smile
73,Ready Steady Go!
74,Wonder Caravan！
75,まっすぐに、トウメイに。
76,Loop Slider Cider
77,Milky Star